TaeId,AnimId,FullAnimId,ToughnessParamId,ToughnessType
a000,043087,a000_043087,205,0
a022,030600,a022_030600,180,1
a022,030605,a022_030605,180,1
a022,030610,a022_030610,180,1
a022,030615,a022_030615,180,1
a022,030620,a022_030620,180,1
a022,030625,a022_030625,180,1
a022,030630,a022_030630,180,1
a022,030635,a022_030635,180,1
a022,032600,a022_032600,180,1
a022,032605,a022_032605,180,1
a022,032610,a022_032610,180,1
a022,032615,a022_032615,180,1
a022,032620,a022_032620,180,1
a022,032625,a022_032625,180,1
a022,032630,a022_032630,180,1
a022,032635,a022_032635,180,1
a023,030600,a023_030600,180,1
a023,030605,a023_030605,180,1
a023,030610,a023_030610,180,1
a023,030615,a023_030615,180,1
a023,030620,a023_030620,180,1
a023,030625,a023_030625,180,1
a023,030630,a023_030630,180,1
a023,030635,a023_030635,180,1
a023,032600,a023_032600,180,1
a023,032605,a023_032605,180,1
a023,032610,a023_032610,180,1
a023,032615,a023_032615,180,1
a023,032620,a023_032620,180,1
a023,032625,a023_032625,180,1
a023,032630,a023_032630,180,1
a023,032635,a023_032635,180,1
a024,030600,a024_030600,180,1
a024,030605,a024_030605,180,1
a024,030610,a024_030610,180,1
a024,030615,a024_030615,180,1
a024,030620,a024_030620,180,1
a024,030625,a024_030625,180,1
a024,030630,a024_030630,180,1
a024,030635,a024_030635,180,1
a024,032600,a024_032600,180,1
a024,032605,a024_032605,180,1
a024,032610,a024_032610,180,1
a024,032615,a024_032615,180,1
a024,032620,a024_032620,180,1
a024,032625,a024_032625,180,1
a024,032630,a024_032630,180,1
a024,032635,a024_032635,180,1
a025,030600,a025_030600,180,1
a025,030605,a025_030605,180,1
a025,030610,a025_030610,180,1
a025,030615,a025_030615,180,1
a025,030620,a025_030620,180,1
a025,030625,a025_030625,180,1
a025,030630,a025_030630,180,1
a025,030635,a025_030635,180,1
a025,032000,a025_032000,100,1
a025,032010,a025_032010,100,1
a025,032020,a025_032020,100,1
a025,032030,a025_032030,100,1
a025,032200,a025_032200,130,1
a025,032210,a025_032210,135,1
a025,032300,a025_032300,130,1
a025,032400,a025_032400,130,1
a025,032500,a025_032500,120,1
a025,032505,a025_032505,110,1
a025,032510,a025_032510,120,1
a025,032515,a025_032515,110,1
a025,032600,a025_032600,180,1
a025,032605,a025_032605,180,1
a025,032610,a025_032610,180,1
a025,032615,a025_032615,180,1
a025,032620,a025_032620,180,1
a025,032625,a025_032625,180,1
a025,032630,a025_032630,180,1
a025,032635,a025_032635,180,1
a025,032700,a025_032700,150,1
a025,033030,a025_033030,140,1
a025,033040,a025_033040,140,1
a025,033050,a025_033050,140,1
a025,033070,a025_033070,140,1
a025,033230,a025_033230,145,1
a025,033240,a025_033240,145,1
a025,033250,a025_033250,145,1
a025,033270,a025_033270,145,1
a026,030000,a026_030000,100,1
a026,030010,a026_030010,100,1
a026,030020,a026_030020,100,1
a026,030200,a026_030200,130,1
a026,030210,a026_030210,135,1
a026,030300,a026_030300,130,1
a026,030400,a026_030400,130,1
a026,030500,a026_030500,120,1
a026,030505,a026_030505,110,1
a026,030510,a026_030510,120,1
a026,030515,a026_030515,110,1
a026,030600,a026_030600,180,1
a026,030605,a026_030605,180,1
a026,030610,a026_030610,180,1
a026,030615,a026_030615,180,1
a026,030620,a026_030620,180,1
a026,030625,a026_030625,180,1
a026,030630,a026_030630,180,1
a026,030635,a026_030635,180,1
a026,030700,a026_030700,150,1
a026,031030,a026_031030,140,1
a026,031040,a026_031040,140,1
a026,031050,a026_031050,140,1
a026,031070,a026_031070,140,1
a026,031230,a026_031230,145,1
a026,031240,a026_031240,145,1
a026,031250,a026_031250,145,1
a026,031270,a026_031270,145,1
a026,031271,a026_031271,145,1
a026,031281,a026_031281,145,1
a026,032000,a026_032000,100,1
a026,032010,a026_032010,100,1
a026,032020,a026_032020,100,1
a026,032200,a026_032200,130,1
a026,032210,a026_032210,135,1
a026,032300,a026_032300,130,1
a026,032400,a026_032400,130,1
a026,032500,a026_032500,120,1
a026,032505,a026_032505,110,1
a026,032510,a026_032510,120,1
a026,032515,a026_032515,110,1
a026,032600,a026_032600,180,1
a026,032605,a026_032605,180,1
a026,032610,a026_032610,180,1
a026,032615,a026_032615,180,1
a026,032620,a026_032620,180,1
a026,032625,a026_032625,180,1
a026,032630,a026_032630,180,1
a026,032635,a026_032635,180,1
a026,032700,a026_032700,150,1
a026,033030,a026_033030,140,1
a026,033040,a026_033040,140,1
a026,033050,a026_033050,140,1
a026,033070,a026_033070,140,1
a026,033230,a026_033230,145,1
a026,033240,a026_033240,145,1
a026,033250,a026_033250,145,1
a026,033270,a026_033270,145,1
a026,034000,a026_034000,100,1
a026,034010,a026_034010,100,1
a026,034020,a026_034020,100,1
a026,034200,a026_034200,130,1
a026,034300,a026_034300,130,1
a026,034400,a026_034400,130,1
a026,034530,a026_034530,140,1
a026,034540,a026_034540,140,1
a026,034550,a026_034550,140,1
a026,034570,a026_034570,140,1
a026,035000,a026_035000,100,1
a026,035010,a026_035010,100,1
a026,035020,a026_035020,100,1
a026,200000,a026_200000,218,0
a026,200150,a026_200150,18,0
a027,200130,a027_200130,10,0
a028,030600,a028_030600,180,1
a028,030605,a028_030605,180,1
a028,030610,a028_030610,180,1
a028,030615,a028_030615,180,1
a028,030620,a028_030620,180,1
a028,030625,a028_030625,180,1
a028,030630,a028_030630,180,1
a028,030635,a028_030635,180,1
a028,032600,a028_032600,180,1
a028,032605,a028_032605,180,1
a028,032610,a028_032610,180,1
a028,032615,a028_032615,180,1
a028,032620,a028_032620,180,1
a028,032625,a028_032625,180,1
a028,032630,a028_032630,180,1
a028,032635,a028_032635,180,1
a029,030600,a029_030600,180,1
a029,030605,a029_030605,180,1
a029,030610,a029_030610,180,1
a029,030615,a029_030615,180,1
a029,030620,a029_030620,180,1
a029,030625,a029_030625,180,1
a029,030630,a029_030630,180,1
a029,030635,a029_030635,180,1
a029,032600,a029_032600,180,1
a029,032605,a029_032605,180,1
a029,032610,a029_032610,180,1
a029,032615,a029_032615,180,1
a029,032620,a029_032620,180,1
a029,032625,a029_032625,180,1
a029,032630,a029_032630,180,1
a029,032635,a029_032635,180,1
a030,030600,a030_030600,180,1
a030,030605,a030_030605,180,1
a030,030610,a030_030610,180,1
a030,030615,a030_030615,180,1
a030,030620,a030_030620,180,1
a030,030625,a030_030625,180,1
a030,030630,a030_030630,180,1
a030,030635,a030_030635,180,1
a030,032600,a030_032600,180,1
a030,032605,a030_032605,180,1
a030,032610,a030_032610,180,1
a030,032615,a030_032615,180,1
a030,032620,a030_032620,180,1
a030,032625,a030_032625,180,1
a030,032630,a030_032630,180,1
a030,032635,a030_032635,180,1
a031,030000,a031_030000,100,1
a031,030010,a031_030010,100,1
a031,030020,a031_030020,100,1
a031,030200,a031_030200,130,1
a031,030210,a031_030210,135,1
a031,030300,a031_030300,130,1
a031,030400,a031_030400,130,1
a031,030500,a031_030500,120,1
a031,030505,a031_030505,110,1
a031,030510,a031_030510,120,1
a031,030515,a031_030515,110,1
a031,030600,a031_030600,180,1
a031,030605,a031_030605,180,1
a031,030610,a031_030610,180,1
a031,030615,a031_030615,180,1
a031,030620,a031_030620,180,1
a031,030625,a031_030625,180,1
a031,030630,a031_030630,180,1
a031,030635,a031_030635,180,1
a031,030700,a031_030700,150,1
a031,031030,a031_031030,140,1
a031,031040,a031_031040,140,1
a031,031050,a031_031050,140,1
a031,031070,a031_031070,140,1
a031,031230,a031_031230,145,1
a031,031240,a031_031240,140,1
a031,031240,a031_031240,145,1
a031,031250,a031_031250,140,1
a031,031270,a031_031270,145,1
a031,032000,a031_032000,100,1
a031,032010,a031_032010,100,1
a031,032020,a031_032020,100,1
a031,032200,a031_032200,130,1
a031,032210,a031_032210,135,1
a031,032300,a031_032300,130,1
a031,032400,a031_032400,130,1
a031,032500,a031_032500,120,1
a031,032505,a031_032505,110,1
a031,032510,a031_032510,120,1
a031,032515,a031_032515,110,1
a031,032600,a031_032600,180,1
a031,032605,a031_032605,180,1
a031,032610,a031_032610,180,1
a031,032615,a031_032615,180,1
a031,032620,a031_032620,180,1
a031,032625,a031_032625,180,1
a031,032630,a031_032630,180,1
a031,032635,a031_032635,180,1
a031,032700,a031_032700,150,1
a031,033030,a031_033030,140,1
a031,033040,a031_033040,100,1
a031,033040,a031_033040,140,1
a031,033050,a031_033050,100,1
a031,033050,a031_033050,140,1
a031,033070,a031_033070,100,1
a031,033230,a031_033230,145,1
a031,033240,a031_033240,145,1
a031,033250,a031_033250,145,1
a031,033270,a031_033270,145,1
a031,034000,a031_034000,100,1
a031,034010,a031_034010,100,1
a031,034020,a031_034020,100,1
a031,034200,a031_034200,130,1
a031,034300,a031_034300,130,1
a031,034400,a031_034400,130,1
a031,034530,a031_034530,140,1
a031,034540,a031_034540,140,1
a031,034550,a031_034550,140,1
a031,034570,a031_034570,140,1
a031,035000,a031_035000,100,1
a031,035010,a031_035010,100,1
a031,035020,a031_035020,100,1
a031,038000,a031_038000,100,1
a031,038010,a031_038010,100,1
a031,038020,a031_038020,100,1
a031,038100,a031_038100,110,1
a031,038110,a031_038110,110,1
a031,038200,a031_038200,100,1
a031,038300,a031_038300,110,1
a031,039000,a031_039000,100,1
a031,039010,a031_039010,100,1
a031,039020,a031_039020,100,1
a031,039100,a031_039100,110,1
a031,039110,a031_039110,110,1
a031,039200,a031_039200,100,1
a031,039300,a031_039300,110,1
a032,030600,a032_030600,180,1
a032,030605,a032_030605,180,1
a032,030610,a032_030610,180,1
a032,030615,a032_030615,180,1
a032,030620,a032_030620,180,1
a032,030625,a032_030625,180,1
a032,030630,a032_030630,180,1
a032,030635,a032_030635,180,1
a032,032000,a032_032000,100,1
a032,032010,a032_032010,100,1
a032,032020,a032_032020,100,1
a032,032030,a032_032030,100,1
a032,032200,a032_032200,130,1
a032,032210,a032_032210,135,1
a032,032300,a032_032300,130,1
a032,032400,a032_032400,130,1
a032,032500,a032_032500,120,1
a032,032505,a032_032505,110,1
a032,032510,a032_032510,120,1
a032,032515,a032_032515,110,1
a032,032600,a032_032600,180,1
a032,032605,a032_032605,180,1
a032,032610,a032_032610,180,1
a032,032615,a032_032615,180,1
a032,032620,a032_032620,180,1
a032,032625,a032_032625,180,1
a032,032630,a032_032630,180,1
a032,032635,a032_032635,180,1
a032,032700,a032_032700,150,1
a032,033030,a032_033030,140,1
a032,033040,a032_033040,140,1
a032,033050,a032_033050,140,1
a032,033070,a032_033070,140,1
a032,033230,a032_033230,145,1
a032,033240,a032_033240,145,1
a032,033250,a032_033250,145,1
a032,033270,a032_033270,145,1
a033,030600,a033_030600,180,1
a033,030605,a033_030605,180,1
a033,030610,a033_030610,180,1
a033,030615,a033_030615,180,1
a033,030620,a033_030620,180,1
a033,030625,a033_030625,180,1
a033,030630,a033_030630,180,1
a033,030635,a033_030635,180,1
a033,032600,a033_032600,180,1
a033,032605,a033_032605,180,1
a033,032610,a033_032610,180,1
a033,032615,a033_032615,180,1
a033,032620,a033_032620,180,1
a033,032625,a033_032625,180,1
a033,032630,a033_032630,180,1
a033,032635,a033_032635,180,1
a034,030600,a034_030600,180,1
a034,030605,a034_030605,180,1
a034,030610,a034_030610,180,1
a034,030615,a034_030615,180,1
a034,030620,a034_030620,180,1
a034,030625,a034_030625,180,1
a034,030630,a034_030630,180,1
a034,030635,a034_030635,180,1
a034,032600,a034_032600,180,1
a034,032605,a034_032605,180,1
a034,032610,a034_032610,180,1
a034,032615,a034_032615,180,1
a034,032620,a034_032620,180,1
a034,032625,a034_032625,180,1
a034,032630,a034_032630,180,1
a034,032635,a034_032635,180,1
a035,030600,a035_030600,180,1
a035,030605,a035_030605,180,1
a035,030610,a035_030610,180,1
a035,030615,a035_030615,180,1
a035,030620,a035_030620,180,1
a035,030625,a035_030625,180,1
a035,030630,a035_030630,180,1
a035,030635,a035_030635,180,1
a035,032000,a035_032000,100,1
a035,032010,a035_032010,100,1
a035,032020,a035_032020,100,1
a035,032030,a035_032030,100,1
a035,032200,a035_032200,130,1
a035,032210,a035_032210,135,1
a035,032300,a035_032300,130,1
a035,032400,a035_032400,130,1
a035,032500,a035_032500,120,1
a035,032505,a035_032505,110,1
a035,032510,a035_032510,120,1
a035,032515,a035_032515,110,1
a035,032600,a035_032600,180,1
a035,032605,a035_032605,180,1
a035,032610,a035_032610,180,1
a035,032615,a035_032615,180,1
a035,032620,a035_032620,180,1
a035,032625,a035_032625,180,1
a035,032630,a035_032630,180,1
a035,032635,a035_032635,180,1
a035,032700,a035_032700,150,1
a035,033030,a035_033030,140,1
a035,033040,a035_033040,140,1
a035,033050,a035_033050,140,1
a035,033070,a035_033070,140,1
a035,033071,a035_033071,140,1
a035,033072,a035_033072,140,1
a035,033081,a035_033081,140,1
a035,033082,a035_033082,140,1
a035,033230,a035_033230,145,1
a035,033240,a035_033240,145,1
a035,033250,a035_033250,145,1
a035,033270,a035_033270,145,1
a035,033271,a035_033271,145,1
a035,033272,a035_033272,145,1
a035,033281,a035_033281,145,1
a035,033282,a035_033282,145,1
a036,030600,a036_030600,180,1
a036,030605,a036_030605,180,1
a036,030610,a036_030610,180,1
a036,030615,a036_030615,180,1
a036,030620,a036_030620,180,1
a036,030625,a036_030625,180,1
a036,030630,a036_030630,180,1
a036,030635,a036_030635,180,1
a036,032600,a036_032600,180,1
a036,032605,a036_032605,180,1
a036,032610,a036_032610,180,1
a036,032615,a036_032615,180,1
a036,032620,a036_032620,180,1
a036,032625,a036_032625,180,1
a036,032630,a036_032630,180,1
a036,032635,a036_032635,180,1
a037,030600,a037_030600,180,1
a037,030605,a037_030605,180,1
a037,030610,a037_030610,180,1
a037,030615,a037_030615,180,1
a037,030620,a037_030620,180,1
a037,030625,a037_030625,180,1
a037,030630,a037_030630,180,1
a037,030635,a037_030635,180,1
a037,031040,a037_031040,100,1
a037,031050,a037_031050,100,1
a037,031250,a037_031250,110,1
a037,032000,a037_032000,100,1
a037,032010,a037_032010,100,1
a037,032020,a037_032020,100,1
a037,032200,a037_032200,130,1
a037,032210,a037_032210,135,1
a037,032300,a037_032300,130,1
a037,032400,a037_032400,130,1
a037,032500,a037_032500,120,1
a037,032505,a037_032505,110,1
a037,032510,a037_032510,120,1
a037,032515,a037_032515,110,1
a037,032600,a037_032600,180,1
a037,032605,a037_032605,180,1
a037,032610,a037_032610,180,1
a037,032615,a037_032615,180,1
a037,032620,a037_032620,180,1
a037,032625,a037_032625,180,1
a037,032630,a037_032630,180,1
a037,032635,a037_032635,180,1
a037,032700,a037_032700,150,1
a037,033030,a037_033030,140,1
a037,033040,a037_033040,140,1
a037,033050,a037_033050,140,1
a037,033070,a037_033070,140,1
a037,033230,a037_033230,145,1
a037,033240,a037_033240,145,1
a037,033250,a037_033250,145,1
a037,033270,a037_033270,145,1
a037,035000,a037_035000,100,1
a037,035010,a037_035010,100,1
a037,035020,a037_035020,100,1
a037,038000,a037_038000,100,1
a037,038010,a037_038010,100,1
a037,038020,a037_038020,100,1
a037,038100,a037_038100,110,1
a037,038110,a037_038110,110,1
a037,038200,a037_038200,100,1
a037,038300,a037_038300,110,1
a037,039000,a037_039000,100,1
a037,039010,a037_039010,100,1
a037,039020,a037_039020,100,1
a037,039100,a037_039100,110,1
a037,039110,a037_039110,110,1
a037,039200,a037_039200,100,1
a037,039300,a037_039300,110,1
a038,030600,a038_030600,180,1
a038,030605,a038_030605,180,1
a038,030610,a038_030610,180,1
a038,030615,a038_030615,180,1
a038,030620,a038_030620,180,1
a038,030625,a038_030625,180,1
a038,030630,a038_030630,180,1
a038,030635,a038_030635,180,1
a038,032000,a038_032000,100,1
a038,032010,a038_032010,100,1
a038,032020,a038_032020,100,1
a038,032030,a038_032030,100,1
a038,032200,a038_032200,130,1
a038,032210,a038_032210,135,1
a038,032300,a038_032300,130,1
a038,032400,a038_032400,130,1
a038,032500,a038_032500,120,1
a038,032505,a038_032505,110,1
a038,032510,a038_032510,120,1
a038,032515,a038_032515,110,1
a038,032600,a038_032600,180,1
a038,032605,a038_032605,180,1
a038,032610,a038_032610,180,1
a038,032615,a038_032615,180,1
a038,032620,a038_032620,180,1
a038,032625,a038_032625,180,1
a038,032630,a038_032630,180,1
a038,032635,a038_032635,180,1
a038,032700,a038_032700,150,1
a038,033030,a038_033030,140,1
a038,033040,a038_033040,140,1
a038,033050,a038_033050,140,1
a038,033070,a038_033070,140,1
a038,033230,a038_033230,145,1
a038,033240,a038_033240,145,1
a038,033250,a038_033250,145,1
a038,033270,a038_033270,145,1
a038,200200,a038_200200,15,0
a038,200220,a038_200220,20,0
a040,030600,a040_030600,180,1
a040,030605,a040_030605,180,1
a040,030610,a040_030610,180,1
a040,030615,a040_030615,180,1
a040,030620,a040_030620,180,1
a040,030625,a040_030625,180,1
a040,030630,a040_030630,180,1
a040,030635,a040_030635,180,1
a040,032000,a040_032000,100,1
a040,032010,a040_032010,100,1
a040,032020,a040_032020,100,1
a040,032030,a040_032030,100,1
a040,032200,a040_032200,130,1
a040,032210,a040_032210,135,1
a040,032300,a040_032300,130,1
a040,032400,a040_032400,130,1
a040,032500,a040_032500,120,1
a040,032505,a040_032505,110,1
a040,032510,a040_032510,120,1
a040,032515,a040_032515,110,1
a040,032600,a040_032600,180,1
a040,032605,a040_032605,180,1
a040,032610,a040_032610,180,1
a040,032615,a040_032615,180,1
a040,032620,a040_032620,180,1
a040,032625,a040_032625,180,1
a040,032630,a040_032630,180,1
a040,032635,a040_032635,180,1
a040,032700,a040_032700,150,1
a040,033030,a040_033030,140,1
a040,033040,a040_033040,140,1
a040,033050,a040_033050,140,1
a040,033070,a040_033070,140,1
a040,033071,a040_033071,140,1
a040,033072,a040_033072,140,1
a040,033081,a040_033081,140,1
a040,033082,a040_033082,140,1
a040,033230,a040_033230,145,1
a040,033240,a040_033240,145,1
a040,033250,a040_033250,145,1
a040,033270,a040_033270,145,1
a040,033271,a040_033271,145,1
a040,033272,a040_033272,145,1
a040,033281,a040_033281,145,1
a040,033282,a040_033282,145,1
a042,030600,a042_030600,180,1
a042,030605,a042_030605,180,1
a042,030610,a042_030610,180,1
a042,030615,a042_030615,180,1
a042,030620,a042_030620,180,1
a042,030625,a042_030625,180,1
a042,030630,a042_030630,180,1
a042,030635,a042_030635,180,1
a042,032600,a042_032600,180,1
a042,032605,a042_032605,180,1
a042,032610,a042_032610,180,1
a042,032615,a042_032615,180,1
a042,032620,a042_032620,180,1
a042,032625,a042_032625,180,1
a042,032630,a042_032630,180,1
a042,032635,a042_032635,180,1
a050,030600,a050_030600,180,1
a050,030605,a050_030605,180,1
a050,030610,a050_030610,180,1
a050,030615,a050_030615,180,1
a050,030620,a050_030620,180,1
a050,030625,a050_030625,180,1
a050,030630,a050_030630,180,1
a050,030635,a050_030635,180,1
a050,032600,a050_032600,180,1
a050,032605,a050_032605,180,1
a050,032610,a050_032610,180,1
a050,032615,a050_032615,180,1
a050,032620,a050_032620,180,1
a050,032625,a050_032625,180,1
a050,032630,a050_032630,180,1
a050,032635,a050_032635,180,1
a055,030600,a055_030600,180,1
a055,030605,a055_030605,180,1
a055,030610,a055_030610,180,1
a055,030615,a055_030615,180,1
a055,030620,a055_030620,180,1
a055,030625,a055_030625,180,1
a055,030630,a055_030630,180,1
a055,030635,a055_030635,180,1
a055,032600,a055_032600,180,1
a055,032605,a055_032605,180,1
a055,032610,a055_032610,180,1
a055,032615,a055_032615,180,1
a055,032620,a055_032620,180,1
a055,032625,a055_032625,180,1
a055,032630,a055_032630,180,1
a055,032635,a055_032635,180,1
a057,030600,a057_030600,180,1
a057,030605,a057_030605,180,1
a057,030610,a057_030610,180,1
a057,030615,a057_030615,180,1
a057,030620,a057_030620,180,1
a057,030625,a057_030625,180,1
a057,030630,a057_030630,180,1
a057,030635,a057_030635,180,1
a057,032000,a057_032000,100,1
a057,032010,a057_032010,100,1
a057,032020,a057_032020,100,1
a057,032030,a057_032030,100,1
a057,032200,a057_032200,130,1
a057,032210,a057_032210,135,1
a057,032300,a057_032300,130,1
a057,032400,a057_032400,130,1
a057,032500,a057_032500,120,1
a057,032505,a057_032505,110,1
a057,032510,a057_032510,120,1
a057,032515,a057_032515,180,1
a057,032600,a057_032600,180,1
a057,032605,a057_032605,180,1
a057,032610,a057_032610,180,1
a057,032615,a057_032615,180,1
a057,032620,a057_032620,180,1
a057,032625,a057_032625,180,1
a057,032630,a057_032630,180,1
a057,032635,a057_032635,180,1
a057,032700,a057_032700,150,1
a057,033030,a057_033030,140,1
a057,033040,a057_033040,140,1
a057,033050,a057_033050,140,1
a057,033070,a057_033070,140,1
a057,033230,a057_033230,145,1
a057,033240,a057_033240,145,1
a057,033250,a057_033250,145,1
a057,033270,a057_033270,145,1
a069,030500,a069_030500,170,1
a069,030505,a069_030505,160,1
a069,032500,a069_032500,170,1
a069,032505,a069_032505,160,1
a095,032000,a095_032000,150,1
a095,032010,a095_032010,150,1
a095,032020,a095_032020,150,1
a095,032500,a095_032500,170,1
a095,032505,a095_032505,160,1
a125,032300,a125_032300,130,1
a125,032500,a125_032500,120,1
a125,032505,a125_032505,110,1
a125,032510,a125_032510,120,1
a125,032515,a125_032515,110,1
a127,032500,a127_032500,120,1
a127,032505,a127_032505,110,1
a127,032510,a127_032510,120,1
a127,032515,a127_032515,110,1
a128,032000,a128_032000,100,1
a128,032010,a128_032010,100,1
a128,032020,a128_032020,100,1
a128,032030,a128_032030,100,1
a129,032500,a129_032500,120,1
a129,032505,a129_032505,110,1
a129,032510,a129_032510,120,1
a129,032515,a129_032515,110,1
a129,032600,a129_032600,120,1
a129,032605,a129_032605,110,1
a129,032610,a129_032610,120,1
a129,032615,a129_032615,110,1
a130,032500,a130_032500,120,1
a130,032505,a130_032505,110,1
a130,032510,a130_032510,120,1
a130,032515,a130_032515,110,1
a135,030500,a135_030500,120,1
a135,030505,a135_030505,110,1
a135,032500,a135_032500,120,1
a135,032505,a135_032505,110,1
a136,030500,a136_030500,120,1
a136,030505,a136_030505,110,1
a136,030510,a136_030510,120,1
a136,030515,a136_030515,110,1
a136,032500,a136_032500,120,1
a136,032505,a136_032505,110,1
a136,032510,a136_032510,120,1
a136,032515,a136_032515,110,1
a137,030000,a137_030000,100,1
a137,030010,a137_030010,100,1
a137,030020,a137_030020,100,1
a137,032000,a137_032000,100,1
a137,032010,a137_032010,100,1
a137,032020,a137_032020,100,1
a137,035000,a137_035000,100,1
a137,035010,a137_035010,100,1
a137,035020,a137_035020,100,1
a138,030500,a138_030500,120,1
a138,030505,a138_030505,110,1
a138,030510,a138_030510,120,1
a138,030515,a138_030515,110,1
a138,032500,a138_032500,120,1
a138,032505,a138_032505,110,1
a138,032510,a138_032510,120,1
a138,032515,a138_032515,110,1
a175,032500,a175_032500,120,1
a175,032505,a175_032505,110,1
a175,032510,a175_032510,120,1
a175,032515,a175_032515,110,1
a175,033230,a175_033230,145,1
a175,033240,a175_033240,145,1
a175,033250,a175_033250,145,1
a175,033270,a175_033270,145,1
a176,032210,a176_032210,135,1
a176,032500,a176_032500,120,1
a176,032505,a176_032505,110,1
a177,032500,a177_032500,120,1
a177,032505,a177_032505,110,1
a177,032510,a177_032510,120,1
a177,032515,a177_032515,110,1
a178,030000,a178_030000,150,1
a178,030010,a178_030010,150,1
a178,030020,a178_030020,150,1
a178,030500,a178_030500,170,1
a178,030505,a178_030505,160,1
a178,032000,a178_032000,150,1
a178,032010,a178_032010,150,1
a178,032020,a178_032020,150,1
a178,032500,a178_032500,170,1
a178,032505,a178_032505,160,1
a178,035000,a178_035000,150,1
a178,035010,a178_035010,150,1
a178,035020,a178_035020,150,1
a183,030500,a183_030500,100,1
a183,030505,a183_030505,100,1
a183,030510,a183_030510,100,1
a183,030515,a183_030515,100,1
a183,032500,a183_032500,100,1
a183,032505,a183_032505,100,1
a183,032510,a183_032510,100,1
a183,032515,a183_032515,100,1
a193,032500,a193_032500,170,1
a193,032505,a193_032505,160,1
a195,030500,a195_030500,120,1
a195,030505,a195_030505,110,1
a195,030510,a195_030510,120,1
a195,030515,a195_030515,110,1
a195,032500,a195_032500,120,1
a195,032505,a195_032505,110,1
a195,032510,a195_032510,120,1
a195,032515,a195_032515,110,1
a196,030500,a196_030500,120,1
a196,030505,a196_030505,110,1
a196,030510,a196_030510,120,1
a196,030515,a196_030515,110,1
a196,032500,a196_032500,120,1
a196,032505,a196_032505,110,1
a196,032510,a196_032510,120,1
a196,032515,a196_032515,110,1
a197,030500,a197_030500,120,1
a197,030505,a197_030505,110,1
a197,030510,a197_030510,120,1
a197,030515,a197_030515,110,1
a197,032500,a197_032500,120,1
a197,032505,a197_032505,110,1
a197,032510,a197_032510,120,1
a197,032515,a197_032515,110,1
a198,032500,a198_032500,120,1
a198,032505,a198_032505,110,1
a198,032510,a198_032510,120,1
a198,032515,a198_032515,110,1
a205,032500,a205_032500,120,1
a205,032505,a205_032505,110,1
a205,032510,a205_032510,120,1
a205,032515,a205_032515,110,1
a206,032500,a206_032500,120,1
a206,032505,a206_032505,110,1
a206,032510,a206_032510,120,1
a206,032515,a206_032515,110,1
a207,031040,a207_031040,100,1
a207,031050,a207_031050,100,1
a207,031282,a207_031282,110,1
a207,032000,a207_032000,100,1
a207,032010,a207_032010,100,1
a207,032020,a207_032020,100,1
a207,032200,a207_032200,130,1
a207,032210,a207_032210,135,1
a207,032300,a207_032300,130,1
a207,032400,a207_032400,130,1
a207,032500,a207_032500,120,1
a207,032505,a207_032505,110,1
a207,032510,a207_032510,120,1
a207,032515,a207_032515,110,1
a207,032700,a207_032700,150,1
a207,033030,a207_033030,140,1
a207,033040,a207_033040,140,1
a207,033050,a207_033050,140,1
a207,033070,a207_033070,140,1
a207,033230,a207_033230,145,1
a207,033240,a207_033240,145,1
a207,033250,a207_033250,145,1
a207,033270,a207_033270,145,1
a207,033271,a207_033271,110,1
a207,033272,a207_033272,110,1
a207,033281,a207_033281,110,1
a207,033282,a207_033282,110,1
a207,035000,a207_035000,100,1
a207,035010,a207_035010,100,1
a207,035020,a207_035020,100,1
a210,032000,a210_032000,100,1
a210,032010,a210_032010,100,1
a210,032020,a210_032020,100,1
a210,032030,a210_032030,100,1
a211,032500,a211_032500,120,1
a211,032505,a211_032505,110,1
a211,032510,a211_032510,120,1
a211,032515,a211_032515,110,1
a212,032000,a212_032000,100,1
a212,032010,a212_032010,100,1
a212,032020,a212_032020,100,1
a212,032030,a212_032030,100,1
a213,030500,a213_030500,170,1
a213,030505,a213_030505,160,1
a213,032500,a213_032500,170,1
a213,032505,a213_032505,160,1
a215,032000,a215_032000,100,1
a215,032010,a215_032010,100,1
a215,032020,a215_032020,100,1
a215,032030,a215_032030,100,1
a216,032500,a216_032500,120,1
a216,032505,a216_032505,110,1
a216,032510,a216_032510,120,1
a216,032515,a216_032515,110,1
a216,033230,a216_033230,145,1
a216,033240,a216_033240,145,1
a216,033250,a216_033250,145,1
a216,033270,a216_033270,145,1
a241,031250,a241_031250,110,1
a241,032210,a241_032210,135,1
a241,032500,a241_032500,120,1
a241,032505,a241_032505,110,1
a241,032510,a241_032510,120,1
a241,032515,a241_032515,110,1
a241,032700,a241_032700,150,1
a241,033230,a241_033230,145,1
a241,033240,a241_033240,145,1
a241,033250,a241_033250,145,1
a241,033270,a241_033270,145,1
a241,038100,a241_038100,110,1
a241,038110,a241_038110,110,1
a241,038300,a241_038300,110,1
a241,039100,a241_039100,110,1
a241,039110,a241_039110,110,1
a241,039300,a241_039300,110,1
a444,045010,a444_045010,170,1
a444,045110,a444_045110,170,1
a445,045010,a445_045010,170,1
a445,045110,a445_045110,170,1
a452,045010,a452_045010,195,1
a452,045020,a452_045020,195,1
a452,045110,a452_045110,195,1
a452,045120,a452_045120,195,1
a454,045010,a454_045010,195,1
a454,045110,a454_045110,195,1
a456,045010,a456_045010,170,2
a456,045020,a456_045020,170,2
a456,045110,a456_045110,170,2
a456,045120,a456_045120,170,2
a457,045010,a457_045010,165,2
a457,045011,a457_045011,170,2
a457,045012,a457_045012,160,2
a457,045110,a457_045110,165,2
a457,045111,a457_045111,170,2
a457,045112,a457_045112,160,2
a458,045000,a458_045000,175,1
a458,045010,a458_045010,175,1
a458,045100,a458_045100,175,1
a458,045110,a458_045110,175,1
a458,145000,a458_145000,175,1
a458,145010,a458_145010,175,1
a470,045010,a470_045010,195,1
a470,045011,a470_045011,195,1
a470,045110,a470_045110,195,1
a470,045111,a470_045111,195,1
a471,045000,a471_045000,195,1
a471,045010,a471_045010,195,1
a471,045011,a471_045011,195,1
a471,045100,a471_045100,195,1
a471,045110,a471_045110,195,1
a471,045111,a471_045111,195,1
a478,045010,a478_045010,170,2
a478,045020,a478_045020,170,2
a478,045110,a478_045110,170,2
a478,045120,a478_045120,170,2
a481,045000,a481_045000,175,1
a481,045010,a481_045010,175,1
a481,045020,a481_045020,175,1
a481,045030,a481_045030,175,1
a481,045100,a481_045100,175,1
a481,045110,a481_045110,175,1
a481,045120,a481_045120,175,1
a481,045130,a481_045130,175,1
a498,045010,a498_045010,180,1
a498,045110,a498_045110,180,1
a516,045010,a516_045010,175,1
a516,045020,a516_045020,175,1
a516,045110,a516_045110,175,1
a516,045120,a516_045120,175,1
a519,045010,a519_045010,170,1
a519,045110,a519_045110,170,1
a522,045010,a522_045010,195,0
a522,045110,a522_045110,195,0
a603,040200,a603_040200,120,1
a603,040210,a603_040210,120,1
a603,040300,a603_040300,120,1
a603,040310,a603_040310,120,1
a603,042400,a603_042400,120,1
a603,042410,a603_042410,120,1
a605,040000,a605_040000,100,1
a605,040001,a605_040001,100,1
a606,040000,a606_040000,250,1
a606,040010,a606_040010,200,1
a606,040015,a606_040015,18,1
a607,040000,a607_040000,250,1
a607,040010,a607_040010,200,1
a607,040200,a607_040200,250,1
a607,040210,a607_040210,120,1
a607,040300,a607_040300,250,1
a607,040310,a607_040310,120,1
a610,040050,a610_040050,168,1
a610,040051,a610_040051,168,1
a610,040052,a610_040052,168,1
a610,040053,a610_040053,168,1
a610,040056,a610_040056,168,1
a610,040057,a610_040057,168,1
a610,040060,a610_040060,180,1
a610,040062,a610_040062,180,1
a610,040063,a610_040063,180,1
a610,040070,a610_040070,180,1
a610,040072,a610_040072,205,1
a610,040072,a610_040072,180,1
a610,040073,a610_040073,180,1
a613,040000,a613_040000,200,1
a613,040003,a613_040003,200,1
a613,040004,a613_040004,200,1
a613,040005,a613_040005,180,1
a613,040008,a613_040008,180,1
a613,040009,a613_040009,180,1
a616,040000,a616_040000,120,1
a618,040000,a618_040000,120,1
a618,040300,a618_040300,120,1
a622,040000,a622_040000,120,1
a622,040300,a622_040300,120,1
a623,040000,a623_040000,165,1
a623,040010,a623_040010,165,1
a623,040020,a623_040020,165,1
a623,040300,a623_040300,165,1
a623,040310,a623_040310,165,1
a623,040320,a623_040320,165,1
a624,040000,a624_040000,120,1
a624,040010,a624_040010,120,1
a624,040200,a624_040200,120,1
a624,040210,a624_040210,120,1
a624,040300,a624_040300,120,1
a624,040310,a624_040310,120,1
a624,042400,a624_042400,120,1
a624,042410,a624_042410,120,1
a651,040000,a651_040000,120,1
a654,040000,a654_040000,120,1
a654,040200,a654_040200,120,1
a654,042400,a654_042400,120,1
a656,040000,a656_040000,200,1
a656,040005,a656_040005,180,1
a657,040000,a657_040000,185,1
a657,040200,a657_040200,185,1
a658,040000,a658_040000,170,1
a658,040005,a658_040005,185,1
a661,040000,a661_040000,200,1
a661,040010,a661_040010,200,1
a662,040000,a662_040000,200,1
a662,040005,a662_040005,180,1
a662,040010,a662_040010,200,1
a662,040015,a662_040015,180,1
a666,040000,a666_040000,120,1
a666,040001,a666_040001,120,1
a666,040002,a666_040002,120,1
a666,040005,a666_040005,110,1
a666,040006,a666_040006,110,1
a666,040007,a666_040007,110,1
a667,040000,a667_040000,120,1
a667,040001,a667_040001,120,1
a667,040005,a667_040005,110,1
a667,040006,a667_040006,110,1
a669,040000,a669_040000,120,1
a669,040001,a669_040001,120,1
a669,040005,a669_040005,100,1
a669,040006,a669_040006,100,1
a673,040000,a673_040000,100,1
a673,040010,a673_040010,100,1
a675,040000,a675_040000,120,1
a676,040000,a676_040000,120,1
a711,040000,a711_040000,180,1
a713,040000,a713_040000,170,1
a713,040005,a713_040005,160,1
a713,040010,a713_040010,160,1
a715,040000,a715_040000,200,1
a715,040004,a715_040004,200,1
a715,040005,a715_040005,200,1
a716,040000,a716_040000,200,1
a716,040004,a716_040004,200,1
a716,040005,a716_040005,200,0
a716,040009,a716_040009,180,1
a717,040000,a717_040000,200,1
a717,040005,a717_040005,180,1
a717,040010,a717_040010,200,1
a717,040015,a717_040015,180,1
a718,040000,a718_040000,175,1
a743,040000,a743_040000,200,1
a743,040010,a743_040010,200,1
a743,040011,a743_040011,200,1
a744,040000,a744_040000,170,1
a765,040000,a765_040000,120,1
a766,040000,a766_040000,120,1
a766,040010,a766_040010,120,1
a768,040000,a768_040000,165,1
a770,040000,a770_040000,120,1
a770,040010,a770_040010,120,1
a772,040000,a772_040000,120,1
a772,040010,a772_040010,120,1
a775,040000,a775_040000,120,1
a779,040010,a779_040010,180,1
a785,040000,a785_040000,120,1
a786,040000,a786_040000,165,1
a786,040010,a786_040010,165,1
a786,040020,a786_040020,165,1
a788,040000,a788_040000,185,1
a788,040005,a788_040005,175,1
a788,040010,a788_040010,185,1
a788,040015,a788_040015,175,1
a790,040010,a790_040010,200,1
a790,040020,a790_040020,200,1
a792,040000,a792_040000,200,1
a793,040000,a793_040000,200,1
a793,040004,a793_040004,200,1
a793,040005,a793_040005,200,0
a793,040009,a793_040009,180,1
a798,040000,a798_040000,180,1
a798,040001,a798_040001,180,1
a799,040000,a799_040000,120,1
a800,040000,a800_040000,120,1
a800,040010,a800_040010,120,1
a804,040000,a804_040000,120,1
a805,040000,a805_040000,120,1
a809,040000,a809_040000,180,1
a809,040001,a809_040001,120,1
a811,040000,a811_040000,180,1
a811,040040,a811_040040,180,1
a812,040000,a812_040000,120,1
a812,040001,a812_040001,120,1
a814,040000,a814_040000,120,1
a815,040000,a815_040000,170,1
a820,040000,a820_040000,120,1
a820,040005,a820_040005,100,1
a822,040000,a822_040000,170,1
a822,040010,a822_040010,120,1
a823,040000,a823_040000,120,1
a825,040000,a825_040000,180,1
a827,040000,a827_040000,120,1
a827,040010,a827_040010,120,1
a828,040000,a828_040000,162,1
a828,040010,a828_040010,162,1
a828,040020,a828_040020,162,1
a829,040000,a829_040000,120,1
a829,040004,a829_040004,120,1
a830,040000,a830_040000,120,1
a831,030600,a831_030600,120,1
a831,030605,a831_030605,120,1
a831,030610,a831_030610,120,1
a831,030615,a831_030615,120,1
a831,032600,a831_032600,120,1
a831,032605,a831_032605,120,1
a831,032610,a831_032610,120,1
a831,032615,a831_032615,120,1
a831,040000,a831_040000,190,1
a832,032000,a832_032000,100,1
a832,032010,a832_032010,100,1
a832,032020,a832_032020,100,1
a832,032200,a832_032200,130,1
a832,032300,a832_032300,130,1
a832,032400,a832_032400,130,1
a832,033030,a832_033030,140,1
a832,033040,a832_033040,140,1
a832,033050,a832_033050,140,1
a832,033070,a832_033070,140,1
a832,040000,a832_040000,200,1
a832,040010,a832_040010,200,1
a833,040000,a833_040000,200,1
a834,040000,a834_040000,120,1
a834,040010,a834_040010,120,1
a834,040020,a834_040020,120,1
a835,040000,a835_040000,165,1
a838,040000,a838_040000,200,1
a839,030500,a839_030500,120,1
a839,030505,a839_030505,120,1
a839,030510,a839_030510,120,1
a839,030515,a839_030515,120,1
a839,030600,a839_030600,180,1
a839,030605,a839_030605,180,1
a839,030610,a839_030610,180,1
a839,030615,a839_030615,180,1
a839,030620,a839_030620,180,1
a839,030625,a839_030625,180,1
a839,030630,a839_030630,180,1
a839,030635,a839_030635,180,1
a839,032500,a839_032500,120,1
a839,032505,a839_032505,120,1
a839,032510,a839_032510,120,1
a839,032515,a839_032515,120,1
a839,032600,a839_032600,180,1
a839,032605,a839_032605,180,1
a839,032610,a839_032610,180,1
a839,032615,a839_032615,180,1
a839,032620,a839_032620,180,1
a839,032625,a839_032625,180,1
a839,032630,a839_032630,180,1
a839,032635,a839_032635,180,1
a839,038100,a839_038100,110,1
a839,038110,a839_038110,110,1
a839,039100,a839_039100,110,1
a839,039110,a839_039110,110,1
a839,040050,a839_040050,120,1
a840,040000,a840_040000,180,1
a841,040000,a841_040000,180,1
a844,040000,a844_040000,185,1
a844,040005,a844_040005,185,1
a846,040000,a846_040000,200,1
a848,040000,a848_040000,120,1
a849,040000,a849_040000,180,1
a849,040001,a849_040001,170,1
a850,040000,a850_040000,120,1
a938,032000,a938_032000,150,1
a938,032010,a938_032010,150,1
a938,032020,a938_032020,150,1
a938,032500,a938_032500,20,0
a938,032505,a938_032505,15,0
a938,032510,a938_032510,20,0
a938,032515,a938_032515,15,0
a938,200200,a938_200200,15,0
a938,200220,a938_200220,20,0
a939,200130,a939_200130,15,0
a939,200140,a939_200140,15,0
a939,200400,a939_200400,15,0
a939,200410,a939_200410,15,0
